{"cameraMode":{"drawMode":0,"name":"Shaded","section":"Shading Mode"},"sceneLighting":true,"audioPlay":false,"sceneViewState":{"m_AlwaysRefresh":true,"showFog":true,"showSkybox":true,"showFlares":true,"showImageEffects":true,"showParticleSystems":true,"showVisualEffectGraphs":true,"m_FxEnabled":true},"in2DMode":false,"pivot":{"x":2.6695709228515627,"y":-0.11505746841430664,"z":5.247136116027832},"rotation":{"x":-0.05220060423016548,"y":0.9466904401779175,"z":-0.24709151685237885,"w":-0.19999776780605317},"size":25.46914291381836,"orthographic":false}