{"cameraMode":{"drawMode":0,"name":"Shaded","section":"Shading Mode"},"sceneLighting":false,"audioPlay":false,"sceneViewState":{"m_AlwaysRefresh":true,"showFog":true,"showSkybox":false,"showFlares":true,"showImageEffects":true,"showParticleSystems":true,"showVisualEffectGraphs":true,"m_FxEnabled":true},"in2DMode":false,"pivot":{"x":0.0678567886352539,"y":-0.06407737731933594,"z":-0.02269744873046875},"rotation":{"x":-0.08741332590579987,"y":0.8998315930366516,"z":-0.21193304657936097,"w":-0.37114208936691286},"size":2.666025161743164,"orthographic":false}